PROD_CO2|AUS|WLD|DTOTAL|2005|382.096
PROD_CO2|AUT|WLD|DTOTAL|2005|75.274
PROD_CO2|BEL|WLD|DTOTAL|2005|118.87
PROD_CO2|CAN|WLD|DTOTAL|2005|555.353
PROD_CO2|CHL|WLD|DTOTAL|2005|61.251
PROD_CO2|CZE|WLD|DTOTAL|2005|118.277
PROD_CO2|DNK|WLD|DTOTAL|2005|85.711
PROD_CO2|EST|WLD|DTOTAL|2005|16.485
PROD_CO2|FIN|WLD|DTOTAL|2005|58.464
PROD_CO2|FRA|WLD|DTOTAL|2005|385.414
PROD_CO2|DEU|WLD|DTOTAL|2005|814.116
PROD_CO2|GRC|WLD|DTOTAL|2005|112.332
PROD_CO2|HUN|WLD|DTOTAL|2005|62.287
PROD_CO2|ISL|WLD|DTOTAL|2005|4.125
PROD_CO2|IRL|WLD|DTOTAL|2005|60.935
PROD_CO2|ISR|WLD|DTOTAL|2005|67.657
PROD_CO2|ITA|WLD|DTOTAL|2005|466.668
PROD_CO2|JPN|WLD|DTOTAL|2005|1220.758
PROD_CO2|KOR|WLD|DTOTAL|2005|509.555
PROD_CO2|LVA|WLD|DTOTAL|2005|7.778
PROD_CO2|LTU|WLD|DTOTAL|2005|12.566
PROD_CO2|LUX|WLD|DTOTAL|2005|12.387
PROD_CO2|MEX|WLD|DTOTAL|2005|423.63
PROD_CO2|NLD|WLD|DTOTAL|2005|195.628
PROD_CO2|NZL|WLD|DTOTAL|2005|35.851
PROD_CO2|NOR|WLD|DTOTAL|2005|50.337
PROD_CO2|POL|WLD|DTOTAL|2005|298.702
PROD_CO2|PRT|WLD|DTOTAL|2005|64.625
PROD_CO2|SVK|WLD|DTOTAL|2005|36.711
PROD_CO2|SVN|WLD|DTOTAL|2005|15.651
PROD_CO2|ESP|WLD|DTOTAL|2005|353.989
PROD_CO2|SWE|WLD|DTOTAL|2005|57.772
PROD_CO2|CHE|WLD|DTOTAL|2005|53.693
PROD_CO2|TUR|WLD|DTOTAL|2005|227.128
PROD_CO2|GBR|WLD|DTOTAL|2005|569.094
PROD_CO2|USA|WLD|DTOTAL|2005|5833.576
PROD_CO2|ARG|WLD|DTOTAL|2005|152.274
PROD_CO2|BRA|WLD|DTOTAL|2005|321.145
PROD_CO2|BRN|WLD|DTOTAL|2005|5.157
PROD_CO2|BGR|WLD|DTOTAL|2005|47.101
PROD_CO2|KHM|WLD|DTOTAL|2005|3.042
PROD_CO2|CHN|WLD|DTOTAL|2005|5478.115
PROD_CO2|COL|WLD|DTOTAL|2005|56.461
PROD_CO2|CRI|WLD|DTOTAL|2005|6.206
PROD_CO2|HRV|WLD|DTOTAL|2005|19.301
PROD_CO2|CYP|WLD|DTOTAL|2005|10.371
PROD_CO2|IND|WLD|DTOTAL|2005|1081.058
PROD_CO2|IDN|WLD|DTOTAL|2005|343.696
PROD_CO2|HKG|WLD|DTOTAL|2005|59.405
PROD_CO2|KAZ|WLD|DTOTAL|2005|157.917
PROD_CO2|MYS|WLD|DTOTAL|2005|170.089
PROD_CO2|MLT|WLD|DTOTAL|2005|3.588
PROD_CO2|MAR|WLD|DTOTAL|2005|42.649
PROD_CO2|PER|WLD|DTOTAL|2005|28.727
PROD_CO2|PHL|WLD|DTOTAL|2005|76.64
PROD_CO2|ROU|WLD|DTOTAL|2005|93.159
PROD_CO2|RUS|WLD|DTOTAL|2005|1495.809
PROD_CO2|SAU|WLD|DTOTAL|2005|303.397
PROD_CO2|SGP|WLD|DTOTAL|2005|73.438
PROD_CO2|ZAF|WLD|DTOTAL|2005|375.645
PROD_CO2|TWN|WLD|DTOTAL|2005|269.408
PROD_CO2|THA|WLD|DTOTAL|2005|213.52
PROD_CO2|TUN|WLD|DTOTAL|2005|21.455
PROD_CO2|VNM|WLD|DTOTAL|2005|82.132
PROD_CO2|ROW|WLD|DTOTAL|2005|2653.95
PROD_CO2|OECD|WLD|DTOTAL|2005|13424.744
PROD_CO2|NONOECD|WLD|DTOTAL|2005|13644.855
PROD_CO2|APEC|WLD|DTOTAL|2005|17318.207
PROD_CO2|ASEAN|WLD|DTOTAL|2005|967.713
PROD_CO2|EASIA|WLD|DTOTAL|2005|7537.242
PROD_CO2|EU28|WLD|DTOTAL|2005|4173.255
PROD_CO2|EU15|WLD|DTOTAL|2005|3431.279
PROD_CO2|EU13|WLD|DTOTAL|2005|741.976
PROD_CO2|EA19|WLD|DTOTAL|2005|2821.851
PROD_CO2|EA12|WLD|DTOTAL|2005|2718.702
PROD_CO2|G20|WLD|DTOTAL|2005|22876.491
PROD_CO2|ZEUR|WLD|DTOTAL|2005|5777.219
PROD_CO2|ZASI|WLD|DTOTAL|2005|8504.955
PROD_CO2|ZNAM|WLD|DTOTAL|2005|6812.56
PROD_CO2|ZOTH|WLD|DTOTAL|2005|5348.802
PROD_CO2|ZSCA|WLD|DTOTAL|2005|626.063
PROD_CO2|WLD|WLD|DTOTAL|2005|27069.6
PROD_CO2|AUS|WLD|DTOTAL|2006|387.595
PROD_CO2|AUT|WLD|DTOTAL|2006|73.207
PROD_CO2|BEL|WLD|DTOTAL|2006|118.005
PROD_CO2|CAN|WLD|DTOTAL|2006|547.006
PROD_CO2|CHL|WLD|DTOTAL|2006|63.673
PROD_CO2|CZE|WLD|DTOTAL|2006|118.825
PROD_CO2|DNK|WLD|DTOTAL|2006|106.609
PROD_CO2|EST|WLD|DTOTAL|2006|15.432
PROD_CO2|FIN|WLD|DTOTAL|2006|70.638
PROD_CO2|FRA|WLD|DTOTAL|2006|377.111
PROD_CO2|DEU|WLD|DTOTAL|2006|827.752
PROD_CO2|GRC|WLD|DTOTAL|2006|104.156
PROD_CO2|HUN|WLD|DTOTAL|2006|62.068
PROD_CO2|ISL|WLD|DTOTAL|2006|4.021
PROD_CO2|IRL|WLD|DTOTAL|2006|62.906
PROD_CO2|ISR|WLD|DTOTAL|2006|73.104
PROD_CO2|ITA|WLD|DTOTAL|2006|460.542
PROD_CO2|JPN|WLD|DTOTAL|2006|1206.378
PROD_CO2|KOR|WLD|DTOTAL|2006|522.225
PROD_CO2|LVA|WLD|DTOTAL|2006|8.473
PROD_CO2|LTU|WLD|DTOTAL|2006|12.191
PROD_CO2|LUX|WLD|DTOTAL|2006|12.043
PROD_CO2|MEX|WLD|DTOTAL|2006|438.17
PROD_CO2|NLD|WLD|DTOTAL|2006|192.369
PROD_CO2|NZL|WLD|DTOTAL|2006|36.119
PROD_CO2|NOR|WLD|DTOTAL|2006|53.526
PROD_CO2|POL|WLD|DTOTAL|2006|309.617
PROD_CO2|PRT|WLD|DTOTAL|2006|59.8
PROD_CO2|SVK|WLD|DTOTAL|2006|35.787
PROD_CO2|SVN|WLD|DTOTAL|2006|15.721
PROD_CO2|ESP|WLD|DTOTAL|2006|347.273
PROD_CO2|SWE|WLD|DTOTAL|2006|56.603
PROD_CO2|CHE|WLD|DTOTAL|2006|53.272
PROD_CO2|TUR|WLD|DTOTAL|2006|252.59
PROD_CO2|GBR|WLD|DTOTAL|2006|571.216
PROD_CO2|USA|WLD|DTOTAL|2006|5723.606
PROD_CO2|ARG|WLD|DTOTAL|2006|161.486
PROD_CO2|BRA|WLD|DTOTAL|2006|324.482
PROD_CO2|BRN|WLD|DTOTAL|2006|7.581
PROD_CO2|BGR|WLD|DTOTAL|2006|48.08
PROD_CO2|KHM|WLD|DTOTAL|2006|3.388
PROD_CO2|CHN|WLD|DTOTAL|2006|6040.04
PROD_CO2|COL|WLD|DTOTAL|2006|56.596
PROD_CO2|CRI|WLD|DTOTAL|2006|6.543
PROD_CO2|HRV|WLD|DTOTAL|2006|19.507
PROD_CO2|CYP|WLD|DTOTAL|2006|10.611
PROD_CO2|IND|WLD|DTOTAL|2006|1154.625
PROD_CO2|IDN|WLD|DTOTAL|2006|360.069
PROD_CO2|HKG|WLD|DTOTAL|2006|61.897
PROD_CO2|KAZ|WLD|DTOTAL|2006|173.879
PROD_CO2|MYS|WLD|DTOTAL|2006|174.867
PROD_CO2|MLT|WLD|DTOTAL|2006|3.538
PROD_CO2|MAR|WLD|DTOTAL|2006|44.382
PROD_CO2|PER|WLD|DTOTAL|2006|28.139
PROD_CO2|PHL|WLD|DTOTAL|2006|71.006
PROD_CO2|ROU|WLD|DTOTAL|2006|95.729
PROD_CO2|RUS|WLD|DTOTAL|2006|1551.024
PROD_CO2|SAU|WLD|DTOTAL|2006|322.448
PROD_CO2|SGP|WLD|DTOTAL|2006|84.055
PROD_CO2|ZAF|WLD|DTOTAL|2006|377.312
PROD_CO2|TWN|WLD|DTOTAL|2006|278.821
PROD_CO2|THA|WLD|DTOTAL|2006|214.836
PROD_CO2|TUN|WLD|DTOTAL|2006|22.567
PROD_CO2|VNM|WLD|DTOTAL|2006|84.457
PROD_CO2|ROW|WLD|DTOTAL|2006|2762.702
PROD_CO2|OECD|WLD|DTOTAL|2006|13379.634
PROD_CO2|NONOECD|WLD|DTOTAL|2006|14544.666
PROD_CO2|APEC|WLD|DTOTAL|2006|17881.566
PROD_CO2|ASEAN|WLD|DTOTAL|2006|1000.259
PROD_CO2|EASIA|WLD|DTOTAL|2006|8109.362
PROD_CO2|EU28|WLD|DTOTAL|2006|4195.812
PROD_CO2|EU15|WLD|DTOTAL|2006|3440.231
PROD_CO2|EU13|WLD|DTOTAL|2006|755.581
PROD_CO2|EA19|WLD|DTOTAL|2006|2807.556
PROD_CO2|EA12|WLD|DTOTAL|2006|2705.803
PROD_CO2|G20|WLD|DTOTAL|2006|23564.868
PROD_CO2|ZEUR|WLD|DTOTAL|2006|5857.655
PROD_CO2|ZASI|WLD|DTOTAL|2006|9109.621
PROD_CO2|ZNAM|WLD|DTOTAL|2006|6708.782
PROD_CO2|ZOTH|WLD|DTOTAL|2006|5607.323
PROD_CO2|ZSCA|WLD|DTOTAL|2006|640.919
PROD_CO2|WLD|WLD|DTOTAL|2006|27924.3
PROD_CO2|AUS|WLD|DTOTAL|2007|400.347
PROD_CO2|AUT|WLD|DTOTAL|2007|71.77
PROD_CO2|BEL|WLD|DTOTAL|2007|114.788
PROD_CO2|CAN|WLD|DTOTAL|2007|577.371
PROD_CO2|CHL|WLD|DTOTAL|2007|71.938
PROD_CO2|CZE|WLD|DTOTAL|2007|121.815
PROD_CO2|DNK|WLD|DTOTAL|2007|104.14
PROD_CO2|EST|WLD|DTOTAL|2007|19.778
PROD_CO2|FIN|WLD|DTOTAL|2007|69.509
PROD_CO2|FRA|WLD|DTOTAL|2007|369.062
PROD_CO2|DEU|WLD|DTOTAL|2007|799.19
PROD_CO2|GRC|WLD|DTOTAL|2007|108.894
PROD_CO2|HUN|WLD|DTOTAL|2007|60.6
PROD_CO2|ISL|WLD|DTOTAL|2007|4.242
PROD_CO2|IRL|WLD|DTOTAL|2007|63.128
PROD_CO2|ISR|WLD|DTOTAL|2007|72.292
PROD_CO2|ITA|WLD|DTOTAL|2007|452.657
PROD_CO2|JPN|WLD|DTOTAL|2007|1250.277
PROD_CO2|KOR|WLD|DTOTAL|2007|537.246
PROD_CO2|LVA|WLD|DTOTAL|2007|8.783
PROD_CO2|LTU|WLD|DTOTAL|2007|12.623
PROD_CO2|LUX|WLD|DTOTAL|2007|11.702
PROD_CO2|MEX|WLD|DTOTAL|2007|444.3
PROD_CO2|NLD|WLD|DTOTAL|2007|194.557
PROD_CO2|NZL|WLD|DTOTAL|2007|35.17
PROD_CO2|NOR|WLD|DTOTAL|2007|51.262
PROD_CO2|POL|WLD|DTOTAL|2007|308.333
PROD_CO2|PRT|WLD|DTOTAL|2007|58.295
PROD_CO2|SVK|WLD|DTOTAL|2007|35.205
PROD_CO2|SVN|WLD|DTOTAL|2007|15.953
PROD_CO2|ESP|WLD|DTOTAL|2007|359.345
PROD_CO2|SWE|WLD|DTOTAL|2007|53.848
PROD_CO2|CHE|WLD|DTOTAL|2007|51.563
PROD_CO2|TUR|WLD|DTOTAL|2007|278.482
PROD_CO2|GBR|WLD|DTOTAL|2007|561.28
PROD_CO2|USA|WLD|DTOTAL|2007|5822.515
PROD_CO2|ARG|WLD|DTOTAL|2007|168.48
PROD_CO2|BRA|WLD|DTOTAL|2007|340.539
PROD_CO2|BRN|WLD|DTOTAL|2007|7.593
PROD_CO2|BGR|WLD|DTOTAL|2007|50.903
PROD_CO2|KHM|WLD|DTOTAL|2007|3.992
PROD_CO2|CHN|WLD|DTOTAL|2007|6555.648
PROD_CO2|COL|WLD|DTOTAL|2007|57.266
PROD_CO2|CRI|WLD|DTOTAL|2007|7.334
PROD_CO2|HRV|WLD|DTOTAL|2007|20.92
PROD_CO2|CYP|WLD|DTOTAL|2007|11.253
PROD_CO2|IND|WLD|DTOTAL|2007|1268.89
PROD_CO2|IDN|WLD|DTOTAL|2007|377.684
PROD_CO2|HKG|WLD|DTOTAL|2007|65.639
PROD_CO2|KAZ|WLD|DTOTAL|2007|188.496
PROD_CO2|MYS|WLD|DTOTAL|2007|191.519
PROD_CO2|MLT|WLD|DTOTAL|2007|3.71
PROD_CO2|MAR|WLD|DTOTAL|2007|45.119
PROD_CO2|PER|WLD|DTOTAL|2007|30.905
PROD_CO2|PHL|WLD|DTOTAL|2007|75.235
PROD_CO2|ROU|WLD|DTOTAL|2007|93.145
PROD_CO2|RUS|WLD|DTOTAL|2007|1548.51
PROD_CO2|SAU|WLD|DTOTAL|2007|339.308
PROD_CO2|SGP|WLD|DTOTAL|2007|91.252
PROD_CO2|ZAF|WLD|DTOTAL|2007|395.177
PROD_CO2|TWN|WLD|DTOTAL|2007|284.18
PROD_CO2|THA|WLD|DTOTAL|2007|223.18
PROD_CO2|TUN|WLD|DTOTAL|2007|22.955
PROD_CO2|VNM|WLD|DTOTAL|2007|93.133
PROD_CO2|ROW|WLD|DTOTAL|2007|2845.475
PROD_CO2|OECD|WLD|DTOTAL|2007|13572.259
PROD_CO2|NONOECD|WLD|DTOTAL|2007|15407.441
PROD_CO2|APEC|WLD|DTOTAL|2007|18683.642
PROD_CO2|ASEAN|WLD|DTOTAL|2007|1063.588
PROD_CO2|EASIA|WLD|DTOTAL|2007|8692.989
PROD_CO2|EU28|WLD|DTOTAL|2007|4155.185
PROD_CO2|EU15|WLD|DTOTAL|2007|3392.164
PROD_CO2|EU13|WLD|DTOTAL|2007|763.021
PROD_CO2|EA19|WLD|DTOTAL|2007|2780.202
PROD_CO2|EA12|WLD|DTOTAL|2007|2672.897
PROD_CO2|G20|WLD|DTOTAL|2007|24459.959
PROD_CO2|ZEUR|WLD|DTOTAL|2007|5810.762
PROD_CO2|ZASI|WLD|DTOTAL|2007|9756.578
PROD_CO2|ZNAM|WLD|DTOTAL|2007|6844.187
PROD_CO2|ZOTH|WLD|DTOTAL|2007|5891.711
PROD_CO2|ZSCA|WLD|DTOTAL|2007|676.462
PROD_CO2|WLD|WLD|DTOTAL|2007|28979.7
PROD_CO2|AUS|WLD|DTOTAL|2008|401.043
PROD_CO2|AUT|WLD|DTOTAL|2008|71.299
PROD_CO2|BEL|WLD|DTOTAL|2008|117.722
PROD_CO2|CAN|WLD|DTOTAL|2008|556.609
PROD_CO2|CHL|WLD|DTOTAL|2008|76.399
PROD_CO2|CZE|WLD|DTOTAL|2008|116.778
PROD_CO2|DNK|WLD|DTOTAL|2008|102.308
PROD_CO2|EST|WLD|DTOTAL|2008|17.994
PROD_CO2|FIN|WLD|DTOTAL|2008|59.08
PROD_CO2|FRA|WLD|DTOTAL|2008|364.419
PROD_CO2|DEU|WLD|DTOTAL|2008|816.636
PROD_CO2|GRC|WLD|DTOTAL|2008|119.389
PROD_CO2|HUN|WLD|DTOTAL|2008|59.555
PROD_CO2|ISL|WLD|DTOTAL|2008|3.885
PROD_CO2|IRL|WLD|DTOTAL|2008|62.04
PROD_CO2|ISR|WLD|DTOTAL|2008|71.582
PROD_CO2|ITA|WLD|DTOTAL|2008|445.672
PROD_CO2|JPN|WLD|DTOTAL|2008|1169.646
PROD_CO2|KOR|WLD|DTOTAL|2008|543.489
PROD_CO2|LVA|WLD|DTOTAL|2008|8.629
PROD_CO2|LTU|WLD|DTOTAL|2008|12.358
PROD_CO2|LUX|WLD|DTOTAL|2008|11.726
PROD_CO2|MEX|WLD|DTOTAL|2008|444.743
PROD_CO2|NLD|WLD|DTOTAL|2008|194.775
PROD_CO2|NZL|WLD|DTOTAL|2008|36.277
PROD_CO2|NOR|WLD|DTOTAL|2008|55.399
PROD_CO2|POL|WLD|DTOTAL|2008|304.268
PROD_CO2|PRT|WLD|DTOTAL|2008|56.122
PROD_CO2|SVK|WLD|DTOTAL|2008|34.939
PROD_CO2|SVN|WLD|DTOTAL|2008|16.983
PROD_CO2|ESP|WLD|DTOTAL|2008|330.855
PROD_CO2|SWE|WLD|DTOTAL|2008|51.819
PROD_CO2|CHE|WLD|DTOTAL|2008|53.975
PROD_CO2|TUR|WLD|DTOTAL|2008|274.43
PROD_CO2|GBR|WLD|DTOTAL|2008|547.512
PROD_CO2|USA|WLD|DTOTAL|2008|5630.652
PROD_CO2|ARG|WLD|DTOTAL|2008|179.919
PROD_CO2|BRA|WLD|DTOTAL|2008|360.19
PROD_CO2|BRN|WLD|DTOTAL|2008|7.76
PROD_CO2|BGR|WLD|DTOTAL|2008|48.482
PROD_CO2|KHM|WLD|DTOTAL|2008|4.073
PROD_CO2|CHN|WLD|DTOTAL|2008|6759.375
PROD_CO2|COL|WLD|DTOTAL|2008|58.473
PROD_CO2|CRI|WLD|DTOTAL|2008|7.336
PROD_CO2|HRV|WLD|DTOTAL|2008|20.102
PROD_CO2|CYP|WLD|DTOTAL|2008|7.909
PROD_CO2|IND|WLD|DTOTAL|2008|1345.789
PROD_CO2|IDN|WLD|DTOTAL|2008|369.256
PROD_CO2|HKG|WLD|DTOTAL|2008|64.737
PROD_CO2|KAZ|WLD|DTOTAL|2008|232.22
PROD_CO2|MYS|WLD|DTOTAL|2008|202.444
PROD_CO2|MLT|WLD|DTOTAL|2008|3.827
PROD_CO2|MAR|WLD|DTOTAL|2008|46.835
PROD_CO2|PER|WLD|DTOTAL|2008|35.217
PROD_CO2|PHL|WLD|DTOTAL|2008|77.209
PROD_CO2|ROU|WLD|DTOTAL|2008|91.69
PROD_CO2|RUS|WLD|DTOTAL|2008|1567.605
PROD_CO2|SAU|WLD|DTOTAL|2008|370.413
PROD_CO2|SGP|WLD|DTOTAL|2008|95.321
PROD_CO2|ZAF|WLD|DTOTAL|2008|426.505
PROD_CO2|TWN|WLD|DTOTAL|2008|269.508
PROD_CO2|THA|WLD|DTOTAL|2008|226.49
PROD_CO2|TUN|WLD|DTOTAL|2008|23.195
PROD_CO2|VNM|WLD|DTOTAL|2008|104.09
PROD_CO2|ROW|WLD|DTOTAL|2008|2955.924
PROD_CO2|OECD|WLD|DTOTAL|2008|13241.008
PROD_CO2|NONOECD|WLD|DTOTAL|2008|15961.892
PROD_CO2|APEC|WLD|DTOTAL|2008|18637.871
PROD_CO2|ASEAN|WLD|DTOTAL|2008|1086.645
PROD_CO2|EASIA|WLD|DTOTAL|2008|8806.755
PROD_CO2|EU28|WLD|DTOTAL|2008|4094.886
PROD_CO2|EU15|WLD|DTOTAL|2008|3351.373
PROD_CO2|EU13|WLD|DTOTAL|2008|743.514
PROD_CO2|EA19|WLD|DTOTAL|2008|2752.373
PROD_CO2|EA12|WLD|DTOTAL|2008|2649.733
PROD_CO2|G20|WLD|DTOTAL|2008|24494.55
PROD_CO2|ZEUR|WLD|DTOTAL|2008|5775.751
PROD_CO2|ZASI|WLD|DTOTAL|2008|9893.399
PROD_CO2|ZNAM|WLD|DTOTAL|2008|6632.004
PROD_CO2|ZOTH|WLD|DTOTAL|2008|6184.213
PROD_CO2|ZSCA|WLD|DTOTAL|2008|717.533
PROD_CO2|WLD|WLD|DTOTAL|2008|29202.9
PROD_CO2|AUS|WLD|DTOTAL|2009|408.034
PROD_CO2|AUT|WLD|DTOTAL|2009|64.083
PROD_CO2|BEL|WLD|DTOTAL|2009|108.39
PROD_CO2|CAN|WLD|DTOTAL|2009|527.582
PROD_CO2|CHL|WLD|DTOTAL|2009|71.886
PROD_CO2|CZE|WLD|DTOTAL|2009|109.538
PROD_CO2|DNK|WLD|DTOTAL|2009|81.025
PROD_CO2|EST|WLD|DTOTAL|2009|15.209
PROD_CO2|FIN|WLD|DTOTAL|2009|56.578
PROD_CO2|FRA|WLD|DTOTAL|2009|350.755
PROD_CO2|DEU|WLD|DTOTAL|2009|745.443
PROD_CO2|GRC|WLD|DTOTAL|2009|105.951
PROD_CO2|HUN|WLD|DTOTAL|2009|54.529
PROD_CO2|ISL|WLD|DTOTAL|2009|3.695
PROD_CO2|IRL|WLD|DTOTAL|2009|56.22
PROD_CO2|ISR|WLD|DTOTAL|2009|72.344
PROD_CO2|ITA|WLD|DTOTAL|2009|400.088
PROD_CO2|JPN|WLD|DTOTAL|2009|1106.043
PROD_CO2|KOR|WLD|DTOTAL|2009|554.973
PROD_CO2|LVA|WLD|DTOTAL|2009|7.976
PROD_CO2|LTU|WLD|DTOTAL|2009|11.399
PROD_CO2|LUX|WLD|DTOTAL|2009|11.047
PROD_CO2|MEX|WLD|DTOTAL|2009|434.095
PROD_CO2|NLD|WLD|DTOTAL|2009|187.619
PROD_CO2|NZL|WLD|DTOTAL|2009|32.808
PROD_CO2|NOR|WLD|DTOTAL|2009|53.309
PROD_CO2|POL|WLD|DTOTAL|2009|293.079
PROD_CO2|PRT|WLD|DTOTAL|2009|56.197
PROD_CO2|SVK|WLD|DTOTAL|2009|32.092
PROD_CO2|SVN|WLD|DTOTAL|2009|14.856
PROD_CO2|ESP|WLD|DTOTAL|2009|294.518
PROD_CO2|SWE|WLD|DTOTAL|2009|48.902
PROD_CO2|CHE|WLD|DTOTAL|2009|52.387
PROD_CO2|TUR|WLD|DTOTAL|2009|273.385
PROD_CO2|GBR|WLD|DTOTAL|2009|496.72
PROD_CO2|USA|WLD|DTOTAL|2009|5216.516
PROD_CO2|ARG|WLD|DTOTAL|2009|172.694
PROD_CO2|BRA|WLD|DTOTAL|2009|339.518
PROD_CO2|BRN|WLD|DTOTAL|2009|7.971
PROD_CO2|BGR|WLD|DTOTAL|2009|42.896
PROD_CO2|KHM|WLD|DTOTAL|2009|4.868
PROD_CO2|CHN|WLD|DTOTAL|2009|7236.165
PROD_CO2|COL|WLD|DTOTAL|2009|62.091
PROD_CO2|CRI|WLD|DTOTAL|2009|6.95
PROD_CO2|HRV|WLD|DTOTAL|2009|18.799
PROD_CO2|CYP|WLD|DTOTAL|2009|8.033
PROD_CO2|IND|WLD|DTOTAL|2009|1510.742
PROD_CO2|IDN|WLD|DTOTAL|2009|385.555
PROD_CO2|HKG|WLD|DTOTAL|2009|71.945
PROD_CO2|KAZ|WLD|DTOTAL|2009|203.775
PROD_CO2|MYS|WLD|DTOTAL|2009|182.4
PROD_CO2|MLT|WLD|DTOTAL|2009|3.643
PROD_CO2|MAR|WLD|DTOTAL|2009|47.118
PROD_CO2|PER|WLD|DTOTAL|2009|37.727
PROD_CO2|PHL|WLD|DTOTAL|2009|78.083
PROD_CO2|ROU|WLD|DTOTAL|2009|78.862
PROD_CO2|RUS|WLD|DTOTAL|2009|1454.616
PROD_CO2|SAU|WLD|DTOTAL|2009|385.512
PROD_CO2|SGP|WLD|DTOTAL|2009|104.07
PROD_CO2|ZAF|WLD|DTOTAL|2009|403.77
PROD_CO2|TWN|WLD|DTOTAL|2009|256.65
PROD_CO2|THA|WLD|DTOTAL|2009|221.35
PROD_CO2|TUN|WLD|DTOTAL|2009|23.252
PROD_CO2|VNM|WLD|DTOTAL|2009|114.696
PROD_CO2|ROW|WLD|DTOTAL|2009|2942.181
PROD_CO2|OECD|WLD|DTOTAL|2009|12409.267
PROD_CO2|NONOECD|WLD|DTOTAL|2009|16405.933
PROD_CO2|APEC|WLD|DTOTAL|2009|18503.165
PROD_CO2|ASEAN|WLD|DTOTAL|2009|1098.994
PROD_CO2|EASIA|WLD|DTOTAL|2009|9225.776
PROD_CO2|EU28|WLD|DTOTAL|2009|3754.444
PROD_CO2|EU15|WLD|DTOTAL|2009|3063.534
PROD_CO2|EU13|WLD|DTOTAL|2009|690.91
PROD_CO2|EA19|WLD|DTOTAL|2009|2530.096
PROD_CO2|EA12|WLD|DTOTAL|2009|2436.888
PROD_CO2|G20|WLD|DTOTAL|2009|24163.644
PROD_CO2|ZEUR|WLD|DTOTAL|2009|5318.45
PROD_CO2|ZASI|WLD|DTOTAL|2009|10324.77
PROD_CO2|ZNAM|WLD|DTOTAL|2009|6178.193
PROD_CO2|ZOTH|WLD|DTOTAL|2009|6302.921
PROD_CO2|ZSCA|WLD|DTOTAL|2009|690.866
PROD_CO2|WLD|WLD|DTOTAL|2009|28815.2
PROD_CO2|AUS|WLD|DTOTAL|2010|400.081
PROD_CO2|AUT|WLD|DTOTAL|2010|69.74
PROD_CO2|BEL|WLD|DTOTAL|2010|114.634
PROD_CO2|CAN|WLD|DTOTAL|2010|543.277
PROD_CO2|CHL|WLD|DTOTAL|2010|78.306
PROD_CO2|CZE|WLD|DTOTAL|2010|112.387
PROD_CO2|DNK|WLD|DTOTAL|2010|85.238
PROD_CO2|EST|WLD|DTOTAL|2010|19.031
PROD_CO2|FIN|WLD|DTOTAL|2010|65.426
PROD_CO2|FRA|WLD|DTOTAL|2010|359.426
PROD_CO2|DEU|WLD|DTOTAL|2010|796.241
PROD_CO2|GRC|WLD|DTOTAL|2010|95.578
PROD_CO2|HUN|WLD|DTOTAL|2010|55.126
PROD_CO2|ISL|WLD|DTOTAL|2010|3.666
PROD_CO2|IRL|WLD|DTOTAL|2010|56.138
PROD_CO2|ISR|WLD|DTOTAL|2010|76.095
PROD_CO2|ITA|WLD|DTOTAL|2010|415.886
PROD_CO2|JPN|WLD|DTOTAL|2010|1158.89
PROD_CO2|KOR|WLD|DTOTAL|2010|612.124
PROD_CO2|LVA|WLD|DTOTAL|2010|8.765
PROD_CO2|LTU|WLD|DTOTAL|2010|12.655
PROD_CO2|LUX|WLD|DTOTAL|2010|11.599
PROD_CO2|MEX|WLD|DTOTAL|2010|449.662
PROD_CO2|NLD|WLD|DTOTAL|2010|197.221
PROD_CO2|NZL|WLD|DTOTAL|2010|33.209
PROD_CO2|NOR|WLD|DTOTAL|2010|52.709
PROD_CO2|POL|WLD|DTOTAL|2010|308.736
PROD_CO2|PRT|WLD|DTOTAL|2010|50.328
PROD_CO2|SVK|WLD|DTOTAL|2010|34.394
PROD_CO2|SVN|WLD|DTOTAL|2010|15.455
PROD_CO2|ESP|WLD|DTOTAL|2010|279.918
PROD_CO2|SWE|WLD|DTOTAL|2010|55.66
PROD_CO2|CHE|WLD|DTOTAL|2010|52.777
PROD_CO2|TUR|WLD|DTOTAL|2010|279.04
PROD_CO2|GBR|WLD|DTOTAL|2010|512.227
PROD_CO2|USA|WLD|DTOTAL|2010|5463.634
PROD_CO2|ARG|WLD|DTOTAL|2010|177.258
PROD_CO2|BRA|WLD|DTOTAL|2010|381.491
PROD_CO2|BRN|WLD|DTOTAL|2010|7.303
PROD_CO2|BGR|WLD|DTOTAL|2010|44.399
PROD_CO2|KHM|WLD|DTOTAL|2010|5.193
PROD_CO2|CHN|WLD|DTOTAL|2010|7904.784
PROD_CO2|COL|WLD|DTOTAL|2010|63.707
PROD_CO2|CRI|WLD|DTOTAL|2010|7.775
PROD_CO2|HRV|WLD|DTOTAL|2010|18.387
PROD_CO2|CYP|WLD|DTOTAL|2010|9.513
PROD_CO2|IND|WLD|DTOTAL|2010|1595.011
PROD_CO2|IDN|WLD|DTOTAL|2010|386.968
PROD_CO2|HKG|WLD|DTOTAL|2010|69.871
PROD_CO2|KAZ|WLD|DTOTAL|2010|222.304
PROD_CO2|MYS|WLD|DTOTAL|2010|202.995
PROD_CO2|MLT|WLD|DTOTAL|2010|3.945
PROD_CO2|MAR|WLD|DTOTAL|2010|50.391
PROD_CO2|PER|WLD|DTOTAL|2010|41.135
PROD_CO2|PHL|WLD|DTOTAL|2010|83.351
PROD_CO2|ROU|WLD|DTOTAL|2010|75.783
PROD_CO2|RUS|WLD|DTOTAL|2010|1543.922
PROD_CO2|SAU|WLD|DTOTAL|2010|425.116
PROD_CO2|SGP|WLD|DTOTAL|2010|116.762
PROD_CO2|ZAF|WLD|DTOTAL|2010|410.637
PROD_CO2|TWN|WLD|DTOTAL|2010|272.174
PROD_CO2|THA|WLD|DTOTAL|2010|237.847
PROD_CO2|TUN|WLD|DTOTAL|2010|25.482
PROD_CO2|VNM|WLD|DTOTAL|2010|129.008
PROD_CO2|ROW|WLD|DTOTAL|2010|3042.106
PROD_CO2|OECD|WLD|DTOTAL|2010|12935.283
PROD_CO2|NONOECD|WLD|DTOTAL|2010|17554.617
PROD_CO2|APEC|WLD|DTOTAL|2010|19735.304
PROD_CO2|ASEAN|WLD|DTOTAL|2010|1169.426
PROD_CO2|EASIA|WLD|DTOTAL|2010|10017.843
PROD_CO2|EU28|WLD|DTOTAL|2010|3883.838
PROD_CO2|EU15|WLD|DTOTAL|2010|3165.261
PROD_CO2|EU13|WLD|DTOTAL|2010|718.576
PROD_CO2|EA19|WLD|DTOTAL|2010|2615.896
PROD_CO2|EA12|WLD|DTOTAL|2010|2512.136
PROD_CO2|G20|WLD|DTOTAL|2010|25615.733
PROD_CO2|ZEUR|WLD|DTOTAL|2010|5536.913
PROD_CO2|ZASI|WLD|DTOTAL|2010|11187.269
PROD_CO2|ZNAM|WLD|DTOTAL|2010|6456.573
PROD_CO2|ZOTH|WLD|DTOTAL|2010|6559.473
PROD_CO2|ZSCA|WLD|DTOTAL|2010|749.672
PROD_CO2|WLD|WLD|DTOTAL|2010|30489.9
PROD_CO2|AUS|WLD|DTOTAL|2011|398.535
PROD_CO2|AUT|WLD|DTOTAL|2011|68.314
PROD_CO2|BEL|WLD|DTOTAL|2011|103.331
PROD_CO2|CAN|WLD|DTOTAL|2011|550.91
PROD_CO2|CHL|WLD|DTOTAL|2011|85.052
PROD_CO2|CZE|WLD|DTOTAL|2011|109.63
PROD_CO2|DNK|WLD|DTOTAL|2011|85.498
PROD_CO2|EST|WLD|DTOTAL|2011|17.877
PROD_CO2|FIN|WLD|DTOTAL|2011|58.527
PROD_CO2|FRA|WLD|DTOTAL|2011|334.561
PROD_CO2|DEU|WLD|DTOTAL|2011|770.025
PROD_CO2|GRC|WLD|DTOTAL|2011|97.353
PROD_CO2|HUN|WLD|DTOTAL|2011|54.337
PROD_CO2|ISL|WLD|DTOTAL|2011|3.543
PROD_CO2|IRL|WLD|DTOTAL|2011|52.351
PROD_CO2|ISR|WLD|DTOTAL|2011|74.752
PROD_CO2|ITA|WLD|DTOTAL|2011|410.604
PROD_CO2|JPN|WLD|DTOTAL|2011|1204.751
PROD_CO2|KOR|WLD|DTOTAL|2011|624.025
PROD_CO2|LVA|WLD|DTOTAL|2011|8.034
PROD_CO2|LTU|WLD|DTOTAL|2011|11.231
PROD_CO2|LUX|WLD|DTOTAL|2011|11.332
PROD_CO2|MEX|WLD|DTOTAL|2011|465.885
PROD_CO2|NLD|WLD|DTOTAL|2011|186.856
PROD_CO2|NZL|WLD|DTOTAL|2011|32.442
PROD_CO2|NOR|WLD|DTOTAL|2011|50.219
PROD_CO2|POL|WLD|DTOTAL|2011|304.881
PROD_CO2|PRT|WLD|DTOTAL|2011|50.075
PROD_CO2|SVK|WLD|DTOTAL|2011|32.261
PROD_CO2|SVN|WLD|DTOTAL|2011|15.664
PROD_CO2|ESP|WLD|DTOTAL|2011|283.471
PROD_CO2|SWE|WLD|DTOTAL|2011|49.799
PROD_CO2|CHE|WLD|DTOTAL|2011|49.838
PROD_CO2|TUR|WLD|DTOTAL|2011|298.517
PROD_CO2|GBR|WLD|DTOTAL|2011|476.071
PROD_CO2|USA|WLD|DTOTAL|2011|5248.631
PROD_CO2|ARG|WLD|DTOTAL|2011|185.18
PROD_CO2|BRA|WLD|DTOTAL|2011|400.359
PROD_CO2|BRN|WLD|DTOTAL|2011|7.622
PROD_CO2|BGR|WLD|DTOTAL|2011|49.564
PROD_CO2|KHM|WLD|DTOTAL|2011|5.497
PROD_CO2|CHN|WLD|DTOTAL|2011|8686.645
PROD_CO2|COL|WLD|DTOTAL|2011|69.287
PROD_CO2|CRI|WLD|DTOTAL|2011|7.572
PROD_CO2|HRV|WLD|DTOTAL|2011|17.62
PROD_CO2|CYP|WLD|DTOTAL|2011|9.075
PROD_CO2|IND|WLD|DTOTAL|2011|1681.301
PROD_CO2|IDN|WLD|DTOTAL|2011|415.6
PROD_CO2|HKG|WLD|DTOTAL|2011|72.153
PROD_CO2|KAZ|WLD|DTOTAL|2011|236.275
PROD_CO2|MYS|WLD|DTOTAL|2011|204.707
PROD_CO2|MLT|WLD|DTOTAL|2011|3.893
PROD_CO2|MAR|WLD|DTOTAL|2011|55.298
PROD_CO2|PER|WLD|DTOTAL|2011|44.492
PROD_CO2|PHL|WLD|DTOTAL|2011|84.053
PROD_CO2|ROU|WLD|DTOTAL|2011|81.861
PROD_CO2|RUS|WLD|DTOTAL|2011|1621.285
PROD_CO2|SAU|WLD|DTOTAL|2011|441.32
PROD_CO2|SGP|WLD|DTOTAL|2011|122.647
PROD_CO2|ZAF|WLD|DTOTAL|2011|397.047
PROD_CO2|TWN|WLD|DTOTAL|2011|271.602
PROD_CO2|THA|WLD|DTOTAL|2011|235.284
PROD_CO2|TUN|WLD|DTOTAL|2011|24.535
PROD_CO2|VNM|WLD|DTOTAL|2011|128.953
PROD_CO2|ROW|WLD|DTOTAL|2011|3098.392
PROD_CO2|OECD|WLD|DTOTAL|2011|12679.182
PROD_CO2|NONOECD|WLD|DTOTAL|2011|18659.118
PROD_CO2|APEC|WLD|DTOTAL|2011|20505.274
PROD_CO2|ASEAN|WLD|DTOTAL|2011|1204.363
PROD_CO2|EASIA|WLD|DTOTAL|2011|10859.176
PROD_CO2|EU28|WLD|DTOTAL|2011|3754.094
PROD_CO2|EU15|WLD|DTOTAL|2011|3038.167
PROD_CO2|EU13|WLD|DTOTAL|2011|715.927
PROD_CO2|EA19|WLD|DTOTAL|2011|2524.835
PROD_CO2|EA12|WLD|DTOTAL|2011|2426.799
PROD_CO2|G20|WLD|DTOTAL|2011|26374.085
PROD_CO2|ZEUR|WLD|DTOTAL|2011|5478.979
PROD_CO2|ZASI|WLD|DTOTAL|2011|12063.54
PROD_CO2|ZNAM|WLD|DTOTAL|2011|6265.426
PROD_CO2|ZOTH|WLD|DTOTAL|2011|6738.414
PROD_CO2|ZSCA|WLD|DTOTAL|2011|791.941
PROD_CO2|WLD|WLD|DTOTAL|2011|31338.3
PROD_CO2|AUS|WLD|DTOTAL|2012|397.912
PROD_CO2|AUT|WLD|DTOTAL|2012|65.608
PROD_CO2|BEL|WLD|DTOTAL|2012|102.293
PROD_CO2|CAN|WLD|DTOTAL|2012|546.837
PROD_CO2|CHL|WLD|DTOTAL|2012|85.3
PROD_CO2|CZE|WLD|DTOTAL|2012|106.013
PROD_CO2|DNK|WLD|DTOTAL|2012|77.728
PROD_CO2|EST|WLD|DTOTAL|2012|16.685
PROD_CO2|FIN|WLD|DTOTAL|2012|51.68
PROD_CO2|FRA|WLD|DTOTAL|2012|338.261
PROD_CO2|DEU|WLD|DTOTAL|2012|781.727
PROD_CO2|GRC|WLD|DTOTAL|2012|87.709
PROD_CO2|HUN|WLD|DTOTAL|2012|50.124
PROD_CO2|ISL|WLD|DTOTAL|2012|3.595
PROD_CO2|IRL|WLD|DTOTAL|2012|52.41
PROD_CO2|ISR|WLD|DTOTAL|2012|79.595
PROD_CO2|ITA|WLD|DTOTAL|2012|389.939
PROD_CO2|JPN|WLD|DTOTAL|2012|1249.096
PROD_CO2|KOR|WLD|DTOTAL|2012|626.217
PROD_CO2|LVA|WLD|DTOTAL|2012|7.677
PROD_CO2|LTU|WLD|DTOTAL|2012|11.086
PROD_CO2|LUX|WLD|DTOTAL|2012|11.208
PROD_CO2|MEX|WLD|DTOTAL|2012|468.533
PROD_CO2|NLD|WLD|DTOTAL|2012|182.983
PROD_CO2|NZL|WLD|DTOTAL|2012|33.567
PROD_CO2|NOR|WLD|DTOTAL|2012|50.49
PROD_CO2|POL|WLD|DTOTAL|2012|298.162
PROD_CO2|PRT|WLD|DTOTAL|2012|48.78
PROD_CO2|SVK|WLD|DTOTAL|2012|30.765
PROD_CO2|SVN|WLD|DTOTAL|2012|14.992
PROD_CO2|ESP|WLD|DTOTAL|2012|278.446
PROD_CO2|SWE|WLD|DTOTAL|2012|45.727
PROD_CO2|CHE|WLD|DTOTAL|2012|49.868
PROD_CO2|TUR|WLD|DTOTAL|2012|309.644
PROD_CO2|GBR|WLD|DTOTAL|2012|496.99
PROD_CO2|USA|WLD|DTOTAL|2012|5012.728
PROD_CO2|ARG|WLD|DTOTAL|2012|189.636
PROD_CO2|BRA|WLD|DTOTAL|2012|431.959
PROD_CO2|BRN|WLD|DTOTAL|2012|7.612
PROD_CO2|BGR|WLD|DTOTAL|2012|44.581
PROD_CO2|KHM|WLD|DTOTAL|2012|5.725
PROD_CO2|CHN|WLD|DTOTAL|2012|8935.418
PROD_CO2|COL|WLD|DTOTAL|2012|69.615
PROD_CO2|CRI|WLD|DTOTAL|2012|7.724
PROD_CO2|HRV|WLD|DTOTAL|2012|16.283
PROD_CO2|CYP|WLD|DTOTAL|2012|8.779
PROD_CO2|IND|WLD|DTOTAL|2012|1817.359
PROD_CO2|IDN|WLD|DTOTAL|2012|437.036
PROD_CO2|HKG|WLD|DTOTAL|2012|69.76
PROD_CO2|KAZ|WLD|DTOTAL|2012|234.983
PROD_CO2|MYS|WLD|DTOTAL|2012|206.325
PROD_CO2|MLT|WLD|DTOTAL|2012|3.892
PROD_CO2|MAR|WLD|DTOTAL|2012|55.905
PROD_CO2|PER|WLD|DTOTAL|2012|43.905
PROD_CO2|PHL|WLD|DTOTAL|2012|86.388
PROD_CO2|ROU|WLD|DTOTAL|2012|79.92
PROD_CO2|RUS|WLD|DTOTAL|2012|1566.456
PROD_CO2|SAU|WLD|DTOTAL|2012|470.273
PROD_CO2|SGP|WLD|DTOTAL|2012|119.166
PROD_CO2|ZAF|WLD|DTOTAL|2012|415.297
PROD_CO2|TWN|WLD|DTOTAL|2012|263.362
PROD_CO2|THA|WLD|DTOTAL|2012|252.4
PROD_CO2|TUN|WLD|DTOTAL|2012|25.651
PROD_CO2|VNM|WLD|DTOTAL|2012|128.72
PROD_CO2|ROW|WLD|DTOTAL|2012|3214.696
PROD_CO2|OECD|WLD|DTOTAL|2012|12460.374
PROD_CO2|NONOECD|WLD|DTOTAL|2012|19208.826
PROD_CO2|APEC|WLD|DTOTAL|2012|20536.738
PROD_CO2|ASEAN|WLD|DTOTAL|2012|1243.372
PROD_CO2|EASIA|WLD|DTOTAL|2012|11143.852
PROD_CO2|EU28|WLD|DTOTAL|2012|3700.447
PROD_CO2|EU15|WLD|DTOTAL|2012|3011.489
PROD_CO2|EU13|WLD|DTOTAL|2012|688.958
PROD_CO2|EA19|WLD|DTOTAL|2012|2484.92
PROD_CO2|EA12|WLD|DTOTAL|2012|2391.044
PROD_CO2|G20|WLD|DTOTAL|2012|26574.848
PROD_CO2|ZEUR|WLD|DTOTAL|2012|5370.856
PROD_CO2|ZASI|WLD|DTOTAL|2012|12387.225
PROD_CO2|ZNAM|WLD|DTOTAL|2012|6028.098
PROD_CO2|ZOTH|WLD|DTOTAL|2012|7054.882
PROD_CO2|ZSCA|WLD|DTOTAL|2012|828.139
PROD_CO2|WLD|WLD|DTOTAL|2012|31669.2
PROD_CO2|AUS|WLD|DTOTAL|2013|395.402
PROD_CO2|AUT|WLD|DTOTAL|2013|66.578
PROD_CO2|BEL|WLD|DTOTAL|2013|101.642
PROD_CO2|CAN|WLD|DTOTAL|2013|555.889
PROD_CO2|CHL|WLD|DTOTAL|2013|89.437
PROD_CO2|CZE|WLD|DTOTAL|2013|101.372
PROD_CO2|DNK|WLD|DTOTAL|2013|74.767
PROD_CO2|EST|WLD|DTOTAL|2013|19.019
PROD_CO2|FIN|WLD|DTOTAL|2013|52.903
PROD_CO2|FRA|WLD|DTOTAL|2013|339.101
PROD_CO2|DEU|WLD|DTOTAL|2013|799.195
PROD_CO2|GRC|WLD|DTOTAL|2013|78.992
PROD_CO2|HUN|WLD|DTOTAL|2013|47.789
PROD_CO2|ISL|WLD|DTOTAL|2013|3.751
PROD_CO2|IRL|WLD|DTOTAL|2013|51.398
PROD_CO2|ISR|WLD|DTOTAL|2013|71.43
PROD_CO2|ITA|WLD|DTOTAL|2013|360.773
PROD_CO2|JPN|WLD|DTOTAL|2013|1270.62
PROD_CO2|KOR|WLD|DTOTAL|2013|624.611
PROD_CO2|LVA|WLD|DTOTAL|2013|7.383
PROD_CO2|LTU|WLD|DTOTAL|2013|10.531
PROD_CO2|LUX|WLD|DTOTAL|2013|10.587
PROD_CO2|MEX|WLD|DTOTAL|2013|459.256
PROD_CO2|NLD|WLD|DTOTAL|2013|183.301
PROD_CO2|NZL|WLD|DTOTAL|2013|33.744
PROD_CO2|NOR|WLD|DTOTAL|2013|51.011
PROD_CO2|POL|WLD|DTOTAL|2013|293.7
PROD_CO2|PRT|WLD|DTOTAL|2013|46.816
PROD_CO2|SVK|WLD|DTOTAL|2013|31.057
PROD_CO2|SVN|WLD|DTOTAL|2013|14.389
PROD_CO2|ESP|WLD|DTOTAL|2013|251.47
PROD_CO2|SWE|WLD|DTOTAL|2013|45.003
PROD_CO2|CHE|WLD|DTOTAL|2013|50.448
PROD_CO2|TUR|WLD|DTOTAL|2013|297.813
PROD_CO2|GBR|WLD|DTOTAL|2013|482.462
PROD_CO2|USA|WLD|DTOTAL|2013|5146.637
PROD_CO2|ARG|WLD|DTOTAL|2013|184.817
PROD_CO2|BRA|WLD|DTOTAL|2013|460.643
PROD_CO2|BRN|WLD|DTOTAL|2013|7.433
PROD_CO2|BGR|WLD|DTOTAL|2013|39.502
PROD_CO2|KHM|WLD|DTOTAL|2013|5.997
PROD_CO2|CHN|WLD|DTOTAL|2013|9319.037
PROD_CO2|COL|WLD|DTOTAL|2013|79.214
PROD_CO2|CRI|WLD|DTOTAL|2013|8.296
PROD_CO2|HRV|WLD|DTOTAL|2013|15.792
PROD_CO2|CYP|WLD|DTOTAL|2013|7.534
PROD_CO2|IND|WLD|DTOTAL|2013|1866.712
PROD_CO2|IDN|WLD|DTOTAL|2013|440.104
PROD_CO2|HKG|WLD|DTOTAL|2013|71.888
PROD_CO2|KAZ|WLD|DTOTAL|2013|250.07
PROD_CO2|MYS|WLD|DTOTAL|2013|224.23
PROD_CO2|MLT|WLD|DTOTAL|2013|3.67
PROD_CO2|MAR|WLD|DTOTAL|2013|55.286
PROD_CO2|PER|WLD|DTOTAL|2013|44.85
PROD_CO2|PHL|WLD|DTOTAL|2013|96.2
PROD_CO2|ROU|WLD|DTOTAL|2013|70.074
PROD_CO2|RUS|WLD|DTOTAL|2013|1531.207
PROD_CO2|SAU|WLD|DTOTAL|2013|478.436
PROD_CO2|SGP|WLD|DTOTAL|2013|122.854
PROD_CO2|ZAF|WLD|DTOTAL|2013|425.375
PROD_CO2|TWN|WLD|DTOTAL|2013|264.26
PROD_CO2|THA|WLD|DTOTAL|2013|262.577
PROD_CO2|TUN|WLD|DTOTAL|2013|25.545
PROD_CO2|VNM|WLD|DTOTAL|2013|133.605
PROD_CO2|ROW|WLD|DTOTAL|2013|3272.314
PROD_CO2|OECD|WLD|DTOTAL|2013|12520.277
PROD_CO2|NONOECD|WLD|DTOTAL|2013|19767.523
PROD_CO2|APEC|WLD|DTOTAL|2013|21093.842
PROD_CO2|ASEAN|WLD|DTOTAL|2013|1293.001
PROD_CO2|EASIA|WLD|DTOTAL|2013|11550.415
PROD_CO2|EU28|WLD|DTOTAL|2013|3606.801
PROD_CO2|EU15|WLD|DTOTAL|2013|2944.989
PROD_CO2|EU13|WLD|DTOTAL|2013|661.812
PROD_CO2|EA19|WLD|DTOTAL|2013|2436.34
PROD_CO2|EA12|WLD|DTOTAL|2013|2342.757
PROD_CO2|G20|WLD|DTOTAL|2013|27063.36
PROD_CO2|ZEUR|WLD|DTOTAL|2013|5243.218
PROD_CO2|ZASI|WLD|DTOTAL|2013|12843.416
PROD_CO2|ZNAM|WLD|DTOTAL|2013|6161.782
PROD_CO2|ZOTH|WLD|DTOTAL|2013|7172.126
PROD_CO2|ZSCA|WLD|DTOTAL|2013|867.258
PROD_CO2|WLD|WLD|DTOTAL|2013|32287.8
PROD_CO2|AUS|WLD|DTOTAL|2014|385.987
PROD_CO2|AUT|WLD|DTOTAL|2014|62.77
PROD_CO2|BEL|WLD|DTOTAL|2014|95.113
PROD_CO2|CAN|WLD|DTOTAL|2014|557.952
PROD_CO2|CHL|WLD|DTOTAL|2014|82.263
PROD_CO2|CZE|WLD|DTOTAL|2014|98.856
PROD_CO2|DNK|WLD|DTOTAL|2014|66.902
PROD_CO2|EST|WLD|DTOTAL|2014|17.642
PROD_CO2|FIN|WLD|DTOTAL|2014|48.379
PROD_CO2|FRA|WLD|DTOTAL|2014|306.48
PROD_CO2|DEU|WLD|DTOTAL|2014|756.875
PROD_CO2|GRC|WLD|DTOTAL|2014|79.685
PROD_CO2|HUN|WLD|DTOTAL|2014|47.693
PROD_CO2|ISL|WLD|DTOTAL|2014|3.855
PROD_CO2|IRL|WLD|DTOTAL|2014|51.303
PROD_CO2|ISR|WLD|DTOTAL|2014|69.624
PROD_CO2|ITA|WLD|DTOTAL|2014|340.683
PROD_CO2|JPN|WLD|DTOTAL|2014|1235.109
PROD_CO2|KOR|WLD|DTOTAL|2014|616.627
PROD_CO2|LVA|WLD|DTOTAL|2014|7.122
PROD_CO2|LTU|WLD|DTOTAL|2014|9.838
PROD_CO2|LUX|WLD|DTOTAL|2014|10.017
PROD_CO2|MEX|WLD|DTOTAL|2014|444.256
PROD_CO2|NLD|WLD|DTOTAL|2014|175.71
PROD_CO2|NZL|WLD|DTOTAL|2014|34.018
PROD_CO2|NOR|WLD|DTOTAL|2014|52.21
PROD_CO2|POL|WLD|DTOTAL|2014|280.762
PROD_CO2|PRT|WLD|DTOTAL|2014|46.064
PROD_CO2|SVK|WLD|DTOTAL|2014|28.94
PROD_CO2|SVN|WLD|DTOTAL|2014|12.786
PROD_CO2|ESP|WLD|DTOTAL|2014|248.941
PROD_CO2|SWE|WLD|DTOTAL|2014|45.367
PROD_CO2|CHE|WLD|DTOTAL|2014|46.045
PROD_CO2|TUR|WLD|DTOTAL|2014|321.668
PROD_CO2|GBR|WLD|DTOTAL|2014|444.989
PROD_CO2|USA|WLD|DTOTAL|2014|5155.535
PROD_CO2|ARG|WLD|DTOTAL|2014|188.737
PROD_CO2|BRA|WLD|DTOTAL|2014|484.935
PROD_CO2|BRN|WLD|DTOTAL|2014|7.282
PROD_CO2|BGR|WLD|DTOTAL|2014|41.429
PROD_CO2|KHM|WLD|DTOTAL|2014|6.969
PROD_CO2|CHN|WLD|DTOTAL|2014|9264.018
PROD_CO2|COL|WLD|DTOTAL|2014|82.854
PROD_CO2|CRI|WLD|DTOTAL|2014|8.43
PROD_CO2|HRV|WLD|DTOTAL|2014|15.052
PROD_CO2|CYP|WLD|DTOTAL|2014|7.324
PROD_CO2|IND|WLD|DTOTAL|2014|2030.043
PROD_CO2|IDN|WLD|DTOTAL|2014|477.653
PROD_CO2|HKG|WLD|DTOTAL|2014|72.416
PROD_CO2|KAZ|WLD|DTOTAL|2014|230.596
PROD_CO2|MYS|WLD|DTOTAL|2014|236.862
PROD_CO2|MLT|WLD|DTOTAL|2014|3.61
PROD_CO2|MAR|WLD|DTOTAL|2014|57.194
PROD_CO2|PER|WLD|DTOTAL|2014|48.151
PROD_CO2|PHL|WLD|DTOTAL|2014|102.035
PROD_CO2|ROU|WLD|DTOTAL|2014|69.792
PROD_CO2|RUS|WLD|DTOTAL|2014|1511.148
PROD_CO2|SAU|WLD|DTOTAL|2014|515.782
PROD_CO2|SGP|WLD|DTOTAL|2014|124.33
PROD_CO2|ZAF|WLD|DTOTAL|2014|439.015
PROD_CO2|TWN|WLD|DTOTAL|2014|266.809
PROD_CO2|THA|WLD|DTOTAL|2014|259.148
PROD_CO2|TUN|WLD|DTOTAL|2014|26.987
PROD_CO2|VNM|WLD|DTOTAL|2014|147.779
PROD_CO2|ROW|WLD|DTOTAL|2014|3313.353
PROD_CO2|OECD|WLD|DTOTAL|2014|12288.065
PROD_CO2|NONOECD|WLD|DTOTAL|2014|20039.735
PROD_CO2|APEC|WLD|DTOTAL|2014|21029.381
PROD_CO2|ASEAN|WLD|DTOTAL|2014|1362.06
PROD_CO2|EASIA|WLD|DTOTAL|2014|11454.979
PROD_CO2|EU28|WLD|DTOTAL|2014|3420.124
PROD_CO2|EU15|WLD|DTOTAL|2014|2779.277
PROD_CO2|EU13|WLD|DTOTAL|2014|640.847
PROD_CO2|EA19|WLD|DTOTAL|2014|2309.282
PROD_CO2|EA12|WLD|DTOTAL|2014|2222.019
PROD_CO2|G20|WLD|DTOTAL|2014|27048.59
PROD_CO2|ZEUR|WLD|DTOTAL|2014|5033.382
PROD_CO2|ZASI|WLD|DTOTAL|2014|12817.039
PROD_CO2|ZNAM|WLD|DTOTAL|2014|6157.744
PROD_CO2|ZOTH|WLD|DTOTAL|2014|7424.266
PROD_CO2|ZSCA|WLD|DTOTAL|2014|895.369
PROD_CO2|WLD|WLD|DTOTAL|2014|32327.8
PROD_CO2|AUS|WLD|DTOTAL|2015|392.488
PROD_CO2|AUT|WLD|DTOTAL|2015|64.256
PROD_CO2|BEL|WLD|DTOTAL|2015|101.301
PROD_CO2|CAN|WLD|DTOTAL|2015|556.444
PROD_CO2|CHL|WLD|DTOTAL|2015|86.705
PROD_CO2|CZE|WLD|DTOTAL|2015|99.275
PROD_CO2|DNK|WLD|DTOTAL|2015|64.912
PROD_CO2|EST|WLD|DTOTAL|2015|15.602
PROD_CO2|FIN|WLD|DTOTAL|2015|45.243
PROD_CO2|FRA|WLD|DTOTAL|2015|311.928
PROD_CO2|DEU|WLD|DTOTAL|2015|765.729
PROD_CO2|GRC|WLD|DTOTAL|2015|76.874
PROD_CO2|HUN|WLD|DTOTAL|2015|50.899
PROD_CO2|ISL|WLD|DTOTAL|2015|4.131
PROD_CO2|IRL|WLD|DTOTAL|2015|52.75
PROD_CO2|ISR|WLD|DTOTAL|2015|70.97
PROD_CO2|ITA|WLD|DTOTAL|2015|346.837
PROD_CO2|JPN|WLD|DTOTAL|2015|1202.308
PROD_CO2|KOR|WLD|DTOTAL|2015|632.478
PROD_CO2|LVA|WLD|DTOTAL|2015|7.131
PROD_CO2|LTU|WLD|DTOTAL|2015|10.284
PROD_CO2|LUX|WLD|DTOTAL|2015|9.593
PROD_CO2|MEX|WLD|DTOTAL|2015|453.009
PROD_CO2|NLD|WLD|DTOTAL|2015|181.652
PROD_CO2|NZL|WLD|DTOTAL|2015|33.943
PROD_CO2|NOR|WLD|DTOTAL|2015|52.02
PROD_CO2|POL|WLD|DTOTAL|2015|283.693
PROD_CO2|PRT|WLD|DTOTAL|2015|50.077
PROD_CO2|SVK|WLD|DTOTAL|2015|29.152
PROD_CO2|SVN|WLD|DTOTAL|2015|12.892
PROD_CO2|ESP|WLD|DTOTAL|2015|263.328
PROD_CO2|SWE|WLD|DTOTAL|2015|43.803
PROD_CO2|CHE|WLD|DTOTAL|2015|44.867
PROD_CO2|TUR|WLD|DTOTAL|2015|336.883
PROD_CO2|GBR|WLD|DTOTAL|2015|430.787
PROD_CO2|USA|WLD|DTOTAL|2015|5020.004
PROD_CO2|ARG|WLD|DTOTAL|2015|195.027
PROD_CO2|BRA|WLD|DTOTAL|2015|461.154
PROD_CO2|BRN|WLD|DTOTAL|2015|6.71
PROD_CO2|BGR|WLD|DTOTAL|2015|43.564
PROD_CO2|KHM|WLD|DTOTAL|2015|8.821
PROD_CO2|CHN|WLD|DTOTAL|2015|9280.847
PROD_CO2|COL|WLD|DTOTAL|2015|82.755
PROD_CO2|CRI|WLD|DTOTAL|2015|8.003
PROD_CO2|HRV|WLD|DTOTAL|2015|15.269
PROD_CO2|CYP|WLD|DTOTAL|2015|7.325
PROD_CO2|IND|WLD|DTOTAL|2015|2043.407
PROD_CO2|IDN|WLD|DTOTAL|2015|479.376
PROD_CO2|HKG|WLD|DTOTAL|2015|70.399
PROD_CO2|KAZ|WLD|DTOTAL|2015|226.456
PROD_CO2|MYS|WLD|DTOTAL|2015|238.435
PROD_CO2|MLT|WLD|DTOTAL|2015|3.121
PROD_CO2|MAR|WLD|DTOTAL|2015|59.222
PROD_CO2|PER|WLD|DTOTAL|2015|49.194
PROD_CO2|PHL|WLD|DTOTAL|2015|110.825
PROD_CO2|ROU|WLD|DTOTAL|2015|70.978
PROD_CO2|RUS|WLD|DTOTAL|2015|1487.625
PROD_CO2|SAU|WLD|DTOTAL|2015|541.376
PROD_CO2|SGP|WLD|DTOTAL|2015|122.394
PROD_CO2|ZAF|WLD|DTOTAL|2015|414.513
PROD_CO2|TWN|WLD|DTOTAL|2015|268.224
PROD_CO2|THA|WLD|DTOTAL|2015|267.676
PROD_CO2|TUN|WLD|DTOTAL|2015|27.462
PROD_CO2|VNM|WLD|DTOTAL|2015|173.294
PROD_CO2|ROW|WLD|DTOTAL|2015|3308.303
PROD_CO2|OECD|WLD|DTOTAL|2015|12204.247
PROD_CO2|NONOECD|WLD|DTOTAL|2015|20071.753
PROD_CO2|APEC|WLD|DTOTAL|2015|20932.375
PROD_CO2|ASEAN|WLD|DTOTAL|2015|1407.529
PROD_CO2|EASIA|WLD|DTOTAL|2015|11454.256
PROD_CO2|EU28|WLD|DTOTAL|2015|3458.255
PROD_CO2|EU15|WLD|DTOTAL|2015|2809.07
PROD_CO2|EU13|WLD|DTOTAL|2015|649.185
PROD_CO2|EA19|WLD|DTOTAL|2015|2355.075
PROD_CO2|EA12|WLD|DTOTAL|2015|2269.568
PROD_CO2|G20|WLD|DTOTAL|2015|26955.193
PROD_CO2|ZEUR|WLD|DTOTAL|2015|5046.897
PROD_CO2|ZASI|WLD|DTOTAL|2015|12861.785
PROD_CO2|ZNAM|WLD|DTOTAL|2015|6029.456
PROD_CO2|ZOTH|WLD|DTOTAL|2015|7455.024
PROD_CO2|ZSCA|WLD|DTOTAL|2015|882.838
PROD_CO2|WLD|WLD|DTOTAL|2015|32276
